{
  "best_model": "hist_gradient_boosting_best",
  "test": {
    "acc_within_1": 0.78099173553719,
    "mae": 0.7638984619477441,
    "rmse": 1.5507089240525178
  },
  "val": {
    "acc_within_1": 0.9008264462809917,
    "mae": 0.40103132086203597,
    "rmse": 0.7203153643974176
  }
}
